file_name,chunk_index,heading,snippet
cuad_001.pdf,0,Document Start,"Datasheet for Contract Understanding Atticus Dataset (CUAD)     I. MOTIVATION     A. Who created the dataset (e.g., which team, research group) and on behalf of which entity (e.g. company,                                   institution, organization)?     The Atticus Project is a non-profit organization whose mission is to harness the power of AI to accelerate                                     ac"
cuad_001.pdf,1,--- PAGE BREAK ---,"C. Does the dataset contain all possible instances or is it just a sample of a larger set? i.e. Is the dataset                                             different than an original one due to the preprocessing process? In case this dataset is a subset of another one, is                                           the original dataset available?     The dataset includes commercial contracts selected"
cuad_001.pdf,2,--- PAGE BREAK ---,"Each category supports a contract review task which is to extract from an underlying contract (1) text context                                     (sometimes referred to as clauses) and (2) human-input answers that correspond to each of the 41 categories in                                     these contracts. For example, in response to the “Governing Law” category, the clause states “This Agreeme"
cuad_001.pdf,3,--- PAGE BREAK ---,"Similarly, a “License Grant” clause may also correspond to “Exclusive License”, “Non-Transferable                           License” and “Affiliate License-Licensee” categories.     E. What is the format of the data? e.g. .json, .xml, .csv.     The files in CUAD v1 include 1 CSV file, 1 SQuAD-style JSON file, 28 Excel files, 510 PDF files, and 510 TXT   files.     - 1 master clauses CSV: a 83-colu"
cuad_001.pdf,4,--- PAGE BREAK ---,"For the other categories, annotators selected segments of the text in the contract that are responsive to each                                     such category. One category in a contract may include multiple labels. For example, “Parties” may include 4-10                                   separate text strings that are not continuous in a contract. The answer is presented in the unified format  "
cuad_001.pdf,5,--- PAGE BREAK ---,"K. Does the dataset contain data that might be considered confidential? e.g. data that is protected by legal                                     privilege or by doctor patient confidentiality, data that includes the content of individuals non-public                             communications. If so, please provide a description.     No. The contracts in the dataset are filed with the SEC and publi"
cuad_001.pdf,6,COLLECTION PROCESS,"A. How was the data associated with each instance acquired? Was the data directly observable (e.g., raw                                 text, movie ratings), reported by subjects (e.g., survey responses), or indirectly inferred/derived from other data                               (e.g., part-of-speech tags, model-based guesses for age or language)? If data was reported by subjects or             "
cuad_001.pdf,7,--- PAGE BREAK ---,"considered important by experienced attorneys in due diligence review in connection with a corporate transaction.                               Such transactions include mergers & acquisitions, investments, initial public offering, etc.     Our labeling process included multiple steps to ensure accuracy:   1. Law Student training: law students attended training sessions on each of the categories t"
cuad_001.pdf,8,--- PAGE BREAK ---,"The contracts were downloaded from EDGAR between March and November 2020, and manually labeled                               between March 2020 and January 2021. The dates when the contracts were signed are as set forth in the                                       underlying contracts.     F. Did the collection process involve the participation of individual people? If so, please report any       "
cuad_001.pdf,9,IV. PREPROCESSING/CLEANING/LABELLING,"A. Was any preprocessing/cleaning/labeling of the data done (e.g., discretization or bucketing, tokenization,                         part-of-speech tagging, SIFT feature extraction, removal of instances, processing of missing values)? If so, please                               provide a description. If not, you may skip the remainder of the questions in this section.     See III-B for details on"
cuad_001.pdf,10,--- PAGE BREAK ---,"B. Is there a repository that links to any or all papers or systems that use this dataset? If so, please provide a                                             link or any other access point.     Visit the Atticus Project github account at: ​   ​ https://github.com/TheAtticusProject     C. What (other) tasks could the dataset be used for? Please include your own intentions, if any.      See I-C abo"
cuad_001.pdf,11,VI. DISTRIBUTION,"A. Will the dataset be distributed to third parties outside of the entity (e.g., company, institution, organization) on                                     behalf of which the dataset was created? If so, please provide a description.     Yes. The dataset is open sourced and publicly available.       B. How will the dataset will be distributed (e.g., tarball on website, API, GitHub)? Does the datas"
cuad_001.pdf,12,--- PAGE BREAK ---,"Note: we make no representations or warranties regarding the license status of the underlying contracts, which   are publicly available and downloadable from EDGAR.     In addition, the use of dataset is subject to our privacy policy  ​ https://www.atticusprojectai.org/privacy-policy ​  and   disclaimer https://www.atticusprojectai.org/disclaimer.     E. Have any third parties imposed IP-based or "
cuad_001.pdf,13,VII. MAINTENANCE,"less -S chunk_snippets_200.csvA. Who will be supporting/hosting/maintaining the dataset?     The dataset is hosted and maintained by The Atticus Project, a non-profit organization.     B. How can the owner/curator/manager of the dataset be contacted (e.g., email address)?      Contact us via email at info@atticusprojectai.org.     D. Is there an erratum? If so, please provide a link or other access point.     None at this time"
cuad_002.pdf,0,Document Start,"Exhibit 10.33   Last Updated:  April 6, 2007    --- CHASE AFFILIATE AGREEMENT ---  THIS AGREEMENT sets forth the terms and conditions agreed to between Chase Bank USA, N.A. (?Chase?) and you as an “Affiliate” in the Chase Affiliate Program (the “Affiliate Program”). Once accepted into the Affiliate Program, an Affiliate can establish links from the Affiliate’s Website to [Chase.com]. Chase will pa"
cuad_002.pdf,1,--- PAGE BREAK ---,"• Incorporates any materials which infringe or assist others to infringe on any copyright, trademark or other intellectual property rights   • Contains or promotes politically sensitive or controversial issues   Chase also reserves the right to terminate this Agreement in the event that any Restricted Content is incorporated on Affiliate’s site after acceptance of your registration form and the co"
cuad_002.pdf,2,• SPEEDWAY SUPER AMERICA,"Source: CREDITCARDS.COM, INC., S-1, 8/10/2007    --- • YALE UNIVERSTIY ---  • Uses a proxy server or redirector server to proxy Chase web pages or web sites through your website, URL or URI • Otherwise violates intellectual property rights, including, without limitation, “scraping” text or images from Chase’s Website • Does not clearly state an online privacy policy to its visitors • Is based outs"
cuad_002.pdf,3,--- PAGE BREAK ---,"• If Affiliate manages a sub-affiliate network, the Affiliate may not pay sub-affiliates or other partners higher referral fees than the lowest tier of the public offer ($55.00). • Affiliate is prohibited from (a) installing spyware on another person’s computer, (b) causing spyware to be installed on another person’s computer, or (c) using a context based triggering mechanism to display an adverti"
cuad_002.pdf,4,--- PAGE BREAK ---,7. Order Processing   Chase will be solely responsible for processing each order placed by a customer from Affiliate’s Links. Customers may only use the Chase on-line application process to apply for a Chase credit card. “Customers” are defined herein as individuals who apply for Chase credit cards through a link in Affiliate’s Web site. Chase shall be responsible for administering application for
cuad_002.pdf,5,--- PAGE BREAK ---,"13. Commercial Use   This program is intended for commercial use only. Commissions are payable for Approved Accounts to third parties who access the Chase URL's (marketing pages) through the Links located on Affiliate’s sponsoring Web site. Affiliates who use this program to apply for credit cards for their own use are NOT in violation of this Agreement.   14. Trademarks   All Chase trademarks, tr"
cuad_002.pdf,6,--- PAGE BREAK ---,"Affiliate hereby agrees to indemnify, defend, and hold harmless Chase, its shareholders, officers, directors, employees, agents, affiliates and their respective directors, officers, employees and agents, successors and assigns, from and against any and all claims, demands, losses, liabilities, damages or expenses (including attorneys’ fees and costs) of any nature whatsoever incurred or suffered b"
cuad_002.pdf,7,WILL CONSTITUTE BINDING ACCEPTANCE OF THE CHANGE.,"20. Warranty Disclaimer   Chase makes no warranties, representations or conditions with regard to the Chase Affiliate Program or any services provided hereunder, whether express or implied, arising by law or otherwise, INCLUDING, WITHOUT LIMITATION, ANY IMPLIED WARRANTY OF MERCHANTABILITY OR    --- PERFORMANCE, COURSE OF DEALING OR USAGE OF TRADE. ---  Source: CREDITCARDS.COM, INC., S-1, 8/10/2007"
cuad_002.pdf,8,--- PAGE BREAK ---,"British Air British Airways, British Air, www.britishairways.com, www.ba.com, ba, Continental See Continental Tab Disney See “Disney” Tab Hess  Hess, www.hess.com, Amerada Holiday Inn/Priority Club Holiday Inn, Holiday Inn Express, Priority Club, IHG, www.ichotelsgroup.com, InterContinental, InterContinental Hotels Group, Crowne Plaza, Hotel Indigo, Staybridge Suites, Candlewood Suites, Marathon  "
cuad_002.pdf,9,--- PAGE BREAK ---,disney  disneyland promotions disney bargain  disneyland save disney bargains  disneyland save disney cheap  disneyland savings disney cruise  disneyland savings disney cruise vacations  disneyland travel disney deal  disneyland trip disney discount  disneyland trips disney family vacation  disneyland vacation disney family vacations  disneyland vacations disney florida vacation  disneyworld barga
cuad_002.pdf,10,--- PAGE BREAK ---,UAL united travel united airlines.com united star alliance ual.com united airlines specials united air lines united discounts www.unitedairlines.com united trip united airlines schedule  travel with united united airline travel united airlines discounts united reservation  united airlines official website www.ual.com united business class united express  united airlines airports united reservation
cuad_002.pdf,11,--- PAGE BREAK ---,Continental Restricted Key Words Continental airlines Continental air fare Continental Continental airlines reservations online continental.com  Continental airline fare continental airline international Continental flights www.continental.com Continental air continental flight  Continental first class continental air lines  Continental Vacation continental airlines schedule  Continental travel co
cuad_003.pdf,0,Document Start,"Exhibit 10.27    --- MARKETING AFFILIATE AGREEMENT ---  Between: Birch First Global Investments Inc. And Mount Knowledge Holdings Inc. Dated: May 8, 2014 1    --- --- PAGE BREAK --- ---  1. 2. 2.1 2.2 This Marketing Affiliate Agreement (the “Agreement”) is entered into this 8th day of May2014, by and between BIRCH FIRST GLOBAL INVESTMENTS INC., a corporation incorporatedin the U.S. Virgin Islands,"
cuad_003.pdf,1,--- PAGE BREAK ---,3. 3.1 3.2 3.3 3.4 3.5 3.6 Duties of MA. Best Efforts. MA agrees to use its best efforts to market and license the Technology toClients consistent with the terms of this Agreement. License Agreement. MA shall execute a Company License Agreement/ClientRegistration Form with Clients and present that License Agreement/Client RegistrationForm to Company after each purchase of the Technology. Upon the 
cuad_003.pdf,2,--- PAGE BREAK ---,"3.7 3.8 3.9 (a)(b)(c)(d) 3.10 3.11 3.12 Sales Records. MA shall keep accurate records of the sales of the Technology andMaintenance, including Client Registration Cards and shall make these records availablefor review by a representative of Company within ten (10) business days following theend of each month. Sales and Technical Training. MA shall attend initial marketing, application, andtechnica"
cuad_003.pdf,3,--- PAGE BREAK ---,"4. 4.1 4.2 (a) (b) (c) (d) (e) 4.3 4.4 4.5 5. Duties of Company. Commitment. So long as MA is not in default hereunder, Company agrees to provideTechnology to MA in accordance with the terms and conditions of this Agreement. Deliverables. Upon the request of MA, Company shall at prices or fees then in effect ormutually agreed upon by the parties: Provide Technology to MA at the discounted prices s"
cuad_003.pdf,4,--- PAGE BREAK ---,"6. 7. 7.1 7.2 7.3 7.4 7.5 7.6 8. 8.1 8.2 Territory. The Territory for MA shall be defined in Schedule A of this Agreement. Company reserves theright to adjust or modify the Territory upon renewal of this Agreement or from time to time by mutualagreement of the parties. Payment and Deliveries. Payment Terms. When fees are not collected directly from the corporate user, MAagrees to pay Company, in t"
cuad_003.pdf,5,--- PAGE BREAK ---,8.3 8.4 9. 10. MA shall notify Company in writing of any errors found by it in the Technology withinthirty (30) days of such discovery. Company will undertake all reasonable efforts to provide technical assistance to MAunder this Agreement when MA is unable to resolve certain technical issues and torectify or provide solutions to problems where the Technology does not function asdescribed in the T
cuad_003.pdf,6,--- PAGE BREAK ---,"11. 12. 12.1 12.2 12.3 13. 14. Distribution by MA. MA agrees to distribute Technology only through the Company License Agreement/ClientRegistration Card between the Client and Company. MA acknowledges that the Company LicenseAgreement/ Client Registration Card specifies the terms under which a Client receives, holds and usesthe Package or Service. Trade Secrets and Source Code. MA recognizes that "
cuad_003.pdf,7,--- PAGE BREAK ---,"15. 16. 16.1 16.2 16.3 16.4 16.5 Unauthorized Use. MA shall notify Company promptly of any misuse of unauthorized use of the Technology, whichcomes to the attention of MA, and shall notify its Clients upon the request of Company when Companybelieves such Technology are being misused. MA shall cooperate, at Company’s reasonable expense,with Company in any action, including any legal action, which C"
cuad_003.pdf,8,--- PAGE BREAK ---,"(c) (d) (e) (f) (g) 19. 19.1 MA shall not continue to use or employ any part of the Technology as partof any product which MA shall convey, assign, lease, license or transfer toany third parties; MA shall immediately cease advertising, marketing, promoting anddistributing the Technology and shall cease using the trade names,trademarks, service marks and any other proprietary right of Company; Exce"
cuad_003.pdf,9,--- PAGE BREAK ---,"19.2 19.3 20. 21. 22. “MA”'s Obligations. MA will make no use of Confidential Information for anypurpose except as expressly authorized by this Agreement. Except as expresslyprovided in this Agreement, MA will not disclose Confidential Information to any thirdparty and will protect and treat all Confidential Information with the same degree of careas it uses to protect its own confidential informa"
cuad_003.pdf,10,--- PAGE BREAK ---,"23. 24. 25. 26. Notices. Any notice required under this Agreement shall be deemed to have been given when hand-delivered or on the date of mailing when mailed by standard Mail, postage prepaid, and addressed tothe party to receive such notice at the address designated below, or such other address as the partymay from time to time direct in writing. Governing Law; Attorney’s Fee. This Agreement is "
cuad_003.pdf,11,--- PAGE BREAK ---,"COMPANY BIRCH FIRSTINVESTMENTS INC.A US Virgin Islands corporation By: /s/ Pier S. BjorklundPier S. Bjorklund, President This Agreement was executed as of the date set forth above. MA MOUNT KNOWLEDGEHOLDINGS INC.A Nevada corporation By: /s/ James D. Beatty James D. Beatty, CEO and President 14  1. Note 1: Note 2: Note 3: Note 4: Note 5: Note 6: 2. (a)    --- SCHEDULE A ---  MARKETING AFFILIATETech"
cuad_004.pdf,0,Document Start,"DIGITAL CINEMA DESTINATIONS CORP.   NETWORK AFFILIATE AGREEMENT   THIS NETWORK AFFILIATE AGREEMENT (this “Agreement”) is made as of this 14th day of March, 2011 by and between National CineMedia, LLC, a Delaware limited liability company (“NCM”), and Digital Cinema Destinations Corp., a Delaware corporation (“Network Affiliate” and with NCM, each a “Party” and collectively, the “Parties”).   BACKG"
cuad_004.pdf,1,--- PAGE BREAK ---,"“Branded Slots” has the meaning assigned to it in Section 3.6(b).   “Change of Control” has the meaning assigned to it in Section 14.8.   “Confidential Information” means any and all technical and non-technical information of or related to either Party, including, without limitation, proprietary information, know-how, the NCM Property and Derived Works, and information related to or regarding eith"
cuad_004.pdf,2,--- PAGE BREAK ---,“Excluded Theatres” has the meaning assigned to it in Section 3.10(a).   “Exclusivity Exceptions” has the meaning assigned to it in Section 6.1.   “Flight” has the meaning assigned to it in Section 3.2(a).   “IMAX Screens” has the meaning assigned to it in Section 3.10(b).   “Infringement” has the meaning assigned to it in Section 11.2.   “Initial Term” has the meaning assigned to it in Section 8.
cuad_004.pdf,3,--- PAGE BREAK ---,“Non-Digitized Theatres” means Theatres that are not Digitized Theatres.   “Party” or “Parties” has the meaning assigned to it in the preamble of this Agreement.   “Play List” has the meaning assigned to it in Section 3.2(a).   “Policy Trailer” has the meaning assigned to it in Section 3.6(a).   “Point-of-Sale Information” has the meaning assigned to it in Section 5.1.   “Pre-Feature Program” mean
cuad_004.pdf,4,--- PAGE BREAK ---,"“Theatres” means the individual Network Affiliate theatres listed on Exhibit B, as such list may be modified from time to time.   “Traditional Content Program” means advertising and other promotional content which is displayed on 35 mm film before Showtime.   “Trailer” means a promotion secured by Network Affiliate (which retains the exclusive rights to so secure for all of its Theatres) for a fea"
cuad_004.pdf,5,--- PAGE BREAK ---,"Section 2.4 Ownership of Big D Equipment. Network Affiliate will own the Big D Equipment it has purchased or leased pursuant to Section 2.1(c) (the “Network Affiliate Equipment”) and NCM disclaims any ownership interest, rights or liens in the Network Affiliate Equipment.   Section 2.5 Installation. Except as otherwise provided herein, NCM and/or its subcontractors shall be solely responsible for "
cuad_004.pdf,6,--- PAGE BREAK ---,"(b) Acquisitions. Any Network Affiliate theatre built or acquired following the Effective Date shall, upon mutual agreement of the parties, become a Theatre, and the capital costs of equipping all such new Theatres to receive the Service shall be as mutually agreed.   Section 2.7 Training. Network Affiliate agrees to permit NCM to provide training services to Network Affiliates’ support staff and "
cuad_004.pdf,7,--- PAGE BREAK ---,"Section 3.2 Content and Distribution of the Digital Content Service and Traditional Content Program.   (a) Distribution. On the Effective Date, NCM will commence distribution of the Digital Carousel, the Digital Content Service and the Traditional Content Program to the Digitized Theatres and Non-Digitized Theatres, all as set forth above in Section 3.1. With respect to Digitized Theatres, content"
cuad_004.pdf,8,--- PAGE BREAK ---,"(ii) NCM covenants and agrees that Lobby Promotions provided pursuant to this Agreement will conform to all standards and specifications of which Network Affiliate provides NCM reasonable notice during the Term, including without limitation standards and specifications with respect to manufacturers and suppliers, sizing (e.g., cup and popcorn tub sizing), timing of delivery of concession supplies "
cuad_004.pdf,9,--- PAGE BREAK ---,"Section 3.5 Development of the Program. All operational costs associated with NCM’s procurement, preparation and delivery of the Service (including Inventory and other promotional materials as provided herein) to the Theatres shall be borne exclusively by NCM. Except as provided herein, all in-Theatre operational costs associated with Network Affiliate’s receipt and exhibition of the Service withi"
cuad_004.pdf,10,--- PAGE BREAK ---,"(i) internal resources and permissions as reasonably required to effectuate delivery of the Service, including without limitation projection and sound technicians and other employees to assist with NCM Equipment installation and Digital Content Service transmission;   (ii) unless unavailable, 24 (hour) by 7 (day) “real time” access via Network Affiliate’s network assets in conformity with Network "
cuad_004.pdf,11,--- PAGE BREAK ---,"Section 3.8 Trailers. Trailers that are exhibited in the Theatres shall not include the exhibition or display of any trademark, service mark, logo or other branding of a party other than the film studio(s), distributor(s), production company(ies); provided, however, Trailers may include incidental images of products or services which appear in the motion picture (e.g., product placements).   Secti"
cuad_004.pdf,12,--- PAGE BREAK ---,"Section 3.12 License. NCM hereby grants to Network Affiliate at no cost a limited, non-exclusive, non-transferable, non-sublicenseable, royalty-free license in the Territory during the Term only to receive, store, convert or otherwise manage, display and exhibit the Service on the Equipment at Theatres solely in connection with its performance of and subject to all of the terms and conditions of t"
cuad_004.pdf,13,--- PAGE BREAK ---,"Section 4.2 Software Support. Provided that Network Affiliate is not in breach of this Agreement, NCM shall make available to Network Affiliate at no cost pursuant to the terms of the license in Section 5.1 below all Software updates and upgrades to the extent such updates and upgrades have been or are being made generally commercially available by NCM. Unless otherwise agreed to in writing by NCM"
cuad_004.pdf,14,--- PAGE BREAK ---,"Section 5.2 Software Restrictions. Network Affiliate acknowledges that the Software and any and all components thereof constitute valuable trade secrets of NCM or its affiliates or licensors. Accordingly, except as may be expressly permitted under this Agreement, Network Affiliate shall not, nor shall it permit, cause, or authorize any other person or entity to:   (a) Use the Software for any purp"
cuad_004.pdf,15,--- PAGE BREAK ---,"(b) Prior to using any Marketing Materials or depicting or presenting any NCM Mark in or on any Marketing Materials or otherwise, Network Affiliate shall submit a sample of such Marketing Materials or other material to NCM for approval. NCM shall exercise commercially reasonable efforts to approve or reject any such Marketing Materials or other material submitted to it for review within thirty (30"
cuad_004.pdf,16,--- PAGE BREAK ---,"Section 5.4 License of the Network Affiliate Marks.   (a) Subject to the terms and conditions of this Agreement, Network Affiliate hereby grants to NCM, and NCM hereby accepts, a non-exclusive, non-transferable (except in connection with an assignment of this Agreement in accordance with Section 14.8 hereof), non-sublicenseable, limited license (i) to use the Network Affiliate Marks solely in conn"
cuad_004.pdf,17,--- PAGE BREAK ---,"(e) NCM shall not use any Network Affiliate Mark in any manner that may reflect adversely on the image or quality symbolized by the Network Affiliate Mark, or that may be detrimental to the image or reputation of Network Affiliate. Notwithstanding anything herein to the contrary, Network Affiliate shall have the right, at its sole option, to terminate or suspend the trademark license grant provide"
cuad_004.pdf,18,"ARTICLE VII FEES   Section 7.1 Access Fee   (a) Digital Screen Usage Fee. On or before sixty (60) days after the end of each month during the Term, NCM shall pay to Network Affiliate $30.00 per digitized screen (i.e., a screen connected to the Digital Content Network), provided Network Affiliate provides the required attendance and screen count information as such information time frames are established by NCM on a monthly basis.   (b) Revenue Sharing. Each Party shall receive 50% of all Net Revenue derived from the sale of advertising Inventory that is exhibited in the Theatres (the “Advertising Revenue Share”). For purposes of this Agreement, “Net Revenue” shall mean gross revenues from the sale of advertising Inventory exhibited in the Theatres which is actually collected less refunds and any similar disbursements and any applicable taxes or governmental charges other than ordinary income tax. Net Revenue shall include any revenue received by Network Affiliate, directly or indirectly, through its use of or otherwise in connection with the Service and alternative or independent digital film distribution. Each party shall render an accounting to the other on a monthly basis substantiating the calculation of Net Revenue payable during such month pursuant to Section 8.3.   Section 7.2 Minimum Fee. For each twelve-month period following the Effective Date during the Term, and as long as Network Affiliate’s attendance base in the Theatres for the twelve (12) month period is equal to or greater than 400,000 patrons (the “Base Amount”), the amount paid by NCM pursuant to Section 7.1(b) shall be not less than $ .17 per Theatre patron during such period with such amount increasing by 5% on each anniversary of the Effective Date (the “Minimum Fee”). The Minimum Fee shall be prorated to account for (i) any periods during which Network Affiliate’s annual attendance base in the Theatres is lower than the Base Amount, and (ii) reductions in revenue associated with Network Affiliate’s rejection of content as permitted under Section 3.4. Any payments made in order to satisfy the “Minimum Fee” which can be characterized as an advance of amounts due from advertising clients which is “earned but not yet paid” shall be deducted from the following year’s payments when such amounts have in fact been collected.   Section 7.3 Payment. Except as otherwise specifically provided in this Agreement, all amounts due by one Party to the other under this Agreement, less any permitted deductions, shall be paid in full within sixty (60) days after the fiscal month in which such amounts were received by the paying Party, or the receipt by the paying Party of an invoice therefore, as applicable.","19    --- --- PAGE BREAK --- ---  Section 7.4 Audit. Each Party shall keep and maintain accurate books and records of all matters relating to the performance of its obligations hereunder, including without limitation the sale of advertising, in accordance with generally accepted accounting principles. During the Term and for a period of three (3) years thereafter, each Party, at its sole expense, "
cuad_004.pdf,19,--- PAGE BREAK ---,"(a) The other Party breaches any material provision of this Agreement, other than any provision of Section 14.8 or Articles V or XIII, and fails to cure such breach within thirty (30) days after receipt from the terminating party of written notice of the breach.   (b) The other Party breaches any provision of Section or 14.8 or Articles V or XIII, and, to the extent such breach is susceptible to c"
cuad_004.pdf,20,"ARTICLE IX REPRESENTATIONS AND WARRANTIES   Section 9.1 Representations and Warranties. Each party represents and warrants that:   (a) It (i) is duly formed and organized, validly existing, and in good standing under the laws of the jurisdiction of its formation and incorporation and has the power and authority to carry on its business as carried on, and (ii) has the right to enter into this Agreement and to perform its obligations under this Agreement and has the power and authority to execute and deliver this Agreement.   (b) Any registration, declaration, or filing with, or consent, approval, license, permit or other authorization or order by, any governmental or regulatory authority, domestic or foreign, that is required to be obtained by it in connection with the valid execution, delivery, acceptance and performance by it under this Agreement or the consummation by it of any transaction contemplated hereby has been completed, made, or obtained, as the case may be.   (c) Each party is the exclusive owner of, or otherwise has or will have timely obtained all rights, licenses, clearances and consents necessary to make the grants of rights made or otherwise perform its obligations under this Agreement.   (a) Neither party will at any time, except to the extent necessary to assert or defend its rights under this Agreement: (i) challenge or otherwise do anything inconsistent with the other party’s right, title or interest in its property, (ii) do or cause to be done or omit to do anything, the doing, causing or omitting of which would contest or in any way impair or tend to impair the rights of the other party in its property, or (iii) assist or cause any person or entity to do any of the foregoing.   Section 9.2 Disclaimers.   (a) Equipment Disclaimer. EXCEPT AS EXPRESSLY AND EXPLICITLY SET FORTH IN THIS ARTICLE, INCLUDING, WITHOUT LIMITATION, ANY REPRESENTATIONS AND WARRANTIES SET FORTH IN SECTION 9.1(c), ANY AND ALL INFORMATION, PRODUCTS, AND SERVICES, INCLUDING, WITHOUT LIMITATION, THE NCM PROPERTY, IS PROVIDED “AS IS” AND “WITH ALL FAULTS” AND NCM MAKES NO REPRESENTATIONS OR WARRANTIES, AND DISCLAIMS ALL REPRESENTATIONS AND WARRANTIES, EXPRESS OR IMPLIED, WRITTEN OR ORAL, ARISING FROM COURSE OF DEALING, COURSE OF PERFORMANCE, USAGE OF TRADE, OR OTHERWISE INCLUDING, WITHOUT LIMITATION, THE IMPLIED WARRANTIES OF TITLE, NON-INFRINGEMENT, MERCHANTABILITY, AND FITNESS FOR A PARTICULAR PURPOSE. NCM MAKES NO REPRESENTATION THAT THE SERVICE WILL BE UNINTERRUPTED OR ERROR-FREE.","22    --- --- PAGE BREAK --- ---  (b) Services Disclaimer. NCM DISCLAIMS ALL REPRESENTATIONS AND WARRANTIES THAT THE SERVICE WILL BE UNINTERRUPTED OR ERROR-FREE AND DISCLAIMS ANY WARRANTIES OF FITNESS FOR A PARTICULAR PURPOSE WITH REGARD TO THE SERVICES.   ARTICLE X INDEMNIFICATION   Section 10.1 Network Affiliate Indemnification. Network Affiliate shall defend, indemnify, and hold harmless NCM an"
cuad_004.pdf,21,--- PAGE BREAK ---,"(b) Additional Remedies. In addition to, but not in limitation of, NCM’s obligations under Section 10.3 (a) above, NCM may, at its sole option, in the event that any claim, suit, proceeding, or action is brought or threatened for which NCM may be obligated under Section 10.3(a) to indemnify Network Affiliate: (i) replace or modify the NCM Property to render it non-infringing; (ii) secure for Netwo"
cuad_004.pdf,22,--- PAGE BREAK ---,"(b) EXCEPT IN CONNECTION WITH A BREACH OF ARTICLE XIV HEREUNDER, AND WITH THE EXCEPTION OF THE INDEMNIFICATION OBLIGATIONS OF THE PARTIES UNDER ARTICLE X, THE AGGREGATE TOTAL LIABILITY OF EITHER PARTY TO THE OTHER PARTY AND TO ALL OTHER PERSONS AND ENTITIES UNDER THIS AGREEMENT SHALL UNDER NO CIRCUMSTANCES EXCEED THE AMOUNT OF THE NET REVENUE RECEIVED BY NCM PURSUANT TO SECTION 7.2 OF THIS AGREEME"
cuad_004.pdf,23,--- PAGE BREAK ---,"(b) During the Term and for a period of twelve (12) months thereafter Network Affiliate will not, without NCM’s prior written consent, either alone or in concert with others directly or indirectly solicit, entice, induce, or encourage: (i) any employee, contractor or agent of NCM to terminate his or her employment, contractor or agency relationship with NCM, (ii) any client of NCM to discontinue u"
cuad_004.pdf,24,--- PAGE BREAK ---,"Section 12.2 Derived Works. Any and all data, information, and material created, conceived, reduced to practice, or developed by or on behalf of either Party, whether alone, in connection with the other Party or any third party, including, without limitation, written works, processes, methods, inventions, discoveries, software, works of visual art, audio works, look-and-feel attributes, and multim"
cuad_004.pdf,25,--- PAGE BREAK ---,"Section 13.2 Point-of-Sale Information. Due to the sensitive nature of the Point-of-Sale Information, NCM will establish a “Chinese Wall” around the Point-of-Sale Information to prevent the disclosure of the Point-of-Sale Information under any circumstances to any theatre operator that is a competitor of Network Affiliate, any employees or agents of any affiliate of NCM, including the board of dir"
cuad_004.pdf,26,--- PAGE BREAK ---,"Either party may change its address for notices by giving written notice of the new address to the other party in accordance with this section, but any element of such party’s address that is not newly provided in such notice shall be deemed not to have changed.   Section 14.2 Waiver; Remedies. The waiver or failure of either party to exercise any right provided hereunder shall not be deemed a wai"
cuad_004.pdf,27,--- PAGE BREAK ---,Section 14.7 Dispute Resolution.   (a) Governing Law. This Agreement shall be binding on the Parties as of the date hereof and is to be construed in accordance with and governed by the internal laws of the State of Delaware without giving effect to any choice of law rule that would cause the application of the laws of any jurisdiction other than the internal laws of the State of Delaware to the ri
cuad_004.pdf,28,--- PAGE BREAK ---,"Section 14.8 Assignment. Network Affiliate may not assign or transfer, by operation of law or otherwise, any of its rights under this Agreement or delegate any of its duties under this Agreement to any third party without NCM’s prior written consent, which consent shall not be unreasonably withheld, conditioned or delayed. For the purposes of this Agreement, any change of control, merger, consolid"
cuad_004.pdf,29,--- PAGE BREAK ---,"IN WITNESS WHEREOF, the parties have executed this Agreement as of the day and year first above written.    --- DIGITAL CINEMA DESTINATIONS CORP.       By: /s/ A. Dale Mayo ---  By: A. Dale Mayo    Name:    Title:     NATIONAL CINEMEDIA, LLC      By: /s/ Robert W. Brouillette    Name: Robert W. Brouillette   Title: Senior Vice President    32  EXHIBIT A   Services         All lobby promotions and "
cuad_004.pdf,30,--- PAGE BREAK ---,"EXHIBIT A-1   Network Affiliate Inventory For Lobby Promotions   The Inventory of Lobby Promotions for each Theatre to which NCM has “pre-approved” access is as listed below. Per Flight (unless otherwise specified below), NCM may provide each Theatre with any combination of Lobby Promotions as described below.      *Pre approved vehicle list theatres onl y **Background music optional      Item Inv"
cuad_005.pdf,0,AFFILIATE AGREEMENT,"This Agreement entered into as of the Effective Date by and between Link Plus Corporation and Axiometric, LLC.  RECITALS  WHEREAS, Axiometric has developed certain computer software including wireless mesh networking technology and AMR devices and systems;  WHEREAS, LKPL has developed certain radio devices and systems along with hardware manufacturing capacities and plans to develop AMR devices an"
cuad_005.pdf,1,"1.1 Throughout this Agreement, and unless the context otherwise","requires, the terms shown on Exhibit A (whether or not  capitalized) shall have the meanings there specified. If other  terms are defined in the text of this Agreement, then  throughout this Agreement, those terms shall have the meanings  respectively ascribed to them.    --- 2.1 During the term of this Agreement, LKPL will provide ---  Axiometric with a license to use office space in LKPL's  corp"
cuad_005.pdf,2,2.4 Axiometric shall be solely responsible for providing all,"equipment, furniture, supplies and other personal property  that Axiometric deems appropriate to operate its business.  LKPL will have no obligation to provide any special facilities  or infrastructure unless otherwise negotiated.    --- 2.5 LKPL will have no liability whatsoever for any of Axiometric's ---  equipment, furniture, supplies or other personal property;  Axiometric will use the space "
cuad_005.pdf,3,3. AUTOMATIC METER READING,"Axiometric and LKPL agree to jointly pursue accessing and commercially  penetrating the AMR market by developing a suite of qualified and  commercially marketable product suites for that market, marketing and  selling that suite of products. The following shall be the general  roles and responsibilities of the two companies with respect to AMR  efforts:    --- 3.1.1 Water Meter Development: Axiome"
cuad_005.pdf,4,--- PAGE BREAK ---,"described and mutually agreed in writing as  amendments to this Agreement. Joint ownership conveys  to each party individually the right to use, sell,  modify, and create derived works from said  intellectual property, as well as the right to  sub-license these rights to others.    --- 3.1.2 Energy AMR Product Suite: Axiometric has developed an ---  AMR product suite for use in energy (electric)  "
cuad_005.pdf,5,3.1.3 Axiometric and LKPL may develop other AMR Product,"Suites (e.g. for gas metering) and ownership of those  AMR Product Suites will be held individually by the  developer of the suite or jointly if mutually agreed  to in writing.    --- 3.2 Marketing and Sales: Regardless of ownership and in order to ---  coordinate marketing and prevent overlap and confusion by  customers and potential customers, all sales and marketing  shall be conducted as follo"
cuad_005.pdf,6,3.3.1 For sales of Water Meter AMR Product Suites to,"Datamatic, LKPL shall set the price of Water Meter  AMR Product Suite sales to Datamatic. LKPL shall pay Source: LINK PLUS CORP, 8-K, 8/2/2005    --- --- PAGE BREAK --- ---  Axiometric the higher of a) five-percent (5%) of the  Gross Proceeds or b) twenty-five-percent (25%) of the  Net Proceeds of all Water Meter AMR Product Suite  sales.    --- 3.3.2 For sales of Electric Meter AMR Product Suites"
cuad_005.pdf,7,3.3.5 Payments to Axiometric for sales of the AMR Product,"Suite shall be in lieu of any licensed IP Royalty  payments for those products.    --- 3.4 Manufacturing: During the term of this Agreement, Axiometric ---  shall issue a Request for Manufacture (RFM) for any AMR  hardware to be sold by Axiometric under the terms of this  Agreement. The RFM shall specify delivered product cost,  credit requirements, delivery schedules, warranty service,  quality u"
cuad_005.pdf,8,3.5.3 Payments not received within sixty (60) days after,"their due date will be considered a material breach  of this Agreement and the party due payment may  pursue any and all legal action to recover the  payment and reasonable legal fees incurred in the  pursuit of said payment. Source: LINK PLUS CORP, 8-K, 8/2/2005    --- 3.5.4 Both parties are entitled to reports of sales and to ---  conduct periodic audits to ensure accuracy of  Payments as follow"
cuad_005.pdf,9,4.1 The parties will be joint venturers only as to those,"activities that they jointly undertake for the AMR market as  described in section 3 above; otherwise they shall be  independent of each other, with full control over their  respective activities without the need to account to the  other, and independent contractors as to all work performed  under separate agreements. Even though the parties will be  joint ventureres as to the AMR market, neither "
cuad_005.pdf,10,7.1 This Agreement may not be assigned in whole or in part by,"either party without prior written consent of the other.    --- 7.2 All actions, cases, suits and proceedings in connection with ---  this Agreement shall be brought in Maryland. All persons  affected by this Agreement specifically consent to the  personal jurisdiction of and venue in said courts. No action,  case, suit or proceeding, regardless of form, arising out of  or related to this Agreemen"
cuad_005.pdf,11,"7.5 This Agreement includes all Recitals, attachments, exhibits,","schedules, the Software License Agreement, and contains the  entire agreement of  the parties. It may not be changed orally but only by  agreement in writing signed by the party against whom  enforcement of any amendment, waiver, change, modification,  extension or discharge is sought. IN WITNESS WHEREOF, LKPL and Axiometric have executed this Agreement below.    --- LINK PLUS CORPORATION AXIOMETR"
cuad_006.pdf,0,Document Start,"Exhibit 10.8 Affiliate Program / Premium Affiliate Management General Terms and Conditions The following General Terms and Conditions are intended for (i) Web site owners (hereafter, ""Affiliates"") who wish to participate as Affiliates in the Affiliate Program provided by element 5 (governed by II. and IV. in these General Terms and Conditions) on the basis of these General Terms and Conditions and"
cuad_006.pdf,1,--- PAGE BREAK ---,"II. Affiliate Program § 1 Affiliate Participation Participation of an individual Affiliate in the Program is dependent on activation by the Software Publisher. Once the Affiliate has registered, element 5 will send an e-mail to Software Publisher with a request to activate the Affiliate. Once the Affiliate is activated by the Software Publisher, the Affiliate is considered to be a participant in t"
cuad_006.pdf,2,--- PAGE BREAK ---,"Generator is located in the secure area of element 5's Web site in the ""Affiliate Control Panel"". The link that is generated contains an individualized affiliate user ID by means of which any sales can be attributed to the Affiliate. Proper technical integration of the link is the responsibility of the Affiliate. If the links do not function, no Advertising Cost Compensation will be paid. (2) The "
cuad_006.pdf,3,--- PAGE BREAK ---,"Publisher's Product under this Agreement and end user uses the automatic ordering system that carries out the registration and payment processing, so that the Affiliate's link is deemed to be directly causative for the entry of the End User into the agreement with the Software Publisher and End User's payment, proving that all requirements are irrevocably met (""agreements arising in a qualified ma"
cuad_006.pdf,4,--- PAGE BREAK ---,"registration per e-mail with a request for the Affiliate's activation from element 5. (3) By configuring the settings in the Control Panel, the Software Publisher determines the amount of the success-based Advertising Cost Compensation. If the Publisher does not configure any settings, then it will accept the default settings proposed by element 5 when activating the Affiliate. Prior to making cha"
cuad_006.pdf,5,--- PAGE BREAK ---,"§ 2 Changes to these provisions    --- UNDER THE AGREEMENT. ---  § 3 Correspondenceont> Correspondence shall take place preferably via e-mail, which is accorded the same status as postal mail. Qualifying dates are always agreed as ""Receipt by Recipient"", unless otherwise noted. For e-mail, the receipt of the message on the destination mail server is deemed to be the time of reception. § 4 Independ"
cuad_006.pdf,6,--- PAGE BREAK ---,"consent of the receiver(s) (no spam e-mails). (2) The Affiliate shall guarantee the above named properties of its Web sites and will pay defense costs and indemnify and keep fully indemnified the Software Publisher and element 5, its subsidiaries and its and their directors, officers, employees and agents upon demand from any and all claims, demands, costs, liabilities, losses, expenses, and damag"
cuad_006.pdf,7,--- PAGE BREAK ---,"Affiliate is only eligible to earn the Advertising Cost Compensation on sales of Software Publishers Products occurring during the term of this Agreement and fees earned up to the date termination will remain payable only if the related orders are not cancelled or returned. If the Advertising Cost Compensation was previously paid by element 5, it can be offset or invoiced to Affiliate at element 5"
cuad_007.pdf,0,Document Start,"Exhibit 10.16    --- MARKETING AFFILIATE AGREEMENT ---  This Agreement is made this 1st day of October 2008, (the “Effective Date”), by and between Equidata, Inc., a corporation organized under the laws of Virginia with its principal place of business at 724 Thimble Shoals Boulevard Newport News, Virginia 23606 (“Equidata”), and National Credit Report.com, LLC a Corporation organized under the law"
cuad_007.pdf,1,--- PAGE BREAK ---,"If the parties do not agree on the selection of an arbitrator, each party will select an arbitrator of their choosing, and the two arbitrators will jointly select a third arbitrator(s). Not later than 5 calendar days after the arbitrator(s) have been selected, the arbitrator(s) shall schedule the arbitration hearing to commence on a mutually convenient date. The hearing shall commence no later tha"
cuad_007.pdf,2,--- PAGE BREAK ---,"Affiliate Web Site, does not violate any applicable law, regulation, court order or material agreement to which Marketing Affiliate is subject.      8.4. Equidata warrants that it is an authorized provider of the Services as outlined in this Agreement and that it has the ability to provide said Services in the manner described herein.              Page 2 of 3   Initials: /s/ IP Source: STEEL VAULT"
cuad_007.pdf,3,"11. Liability. MARKETING AFFILIATE ACKNOWLEDGES AND AGREES THAT ANY PRODUCT, SERVICE, LICENSE OR PERMISSION PROVIDED BY EQUIDATA UNDER THIS AGREEMENT IS PROVIDED ON AN “AS IS” BASIS. EQUIDATA EXPRESSLY DISCLAIMS ANY WARRANTY OF ANY KIND WHATSOEVER, WHETHER EXPRESS, IMPLIED,STATUTORY, OR ARISING FROM COURSE OF DEALING OR PERFORMANCE, AND HEREBY DISCLAIMS AND EXCLUDES FROM THIS AGREEMENT ALL IMPLIED WARRANTIES, INCLUDING WITHOUT LIMITATION WARRANTIES OF MERCHANTABILITY, FITNESS FOR A PARTICULAR PURPOSE, NONINFRINGEMENT, NONINTERFERENCE WITH DATA, ACCURACY, OR THAT THE SERVICE IS ERROR FREE. IN NO EVENT WILL EQUIDATA BE LIABLE FOR ANY INDIRECT, EXEMPLARY, PUNITIVE, SPECIAL, OR CONSEQUENTIAL DAMAGES INCLUDING WITHOUT LIMITATION LOST PROFITS OR OTHER ECONOMIC LOSS, LOST REIMBURSEMENTS, AND LOST DATA, OR FOR ANY CLAIM BY ANY THIRD PARTY. EVEN IF EQUIDATA, MARKETING AFFILIATE OR BOTH HAD BEEN ADVISED OF THE POSSIBILITY OF SUCH DAMAGES OR CLAIM, MARKETING AFFILIATE AGREES TO DEFEND, INDEMNIFY AND HOLD HARMLESS EQUIDATA, AND EACH OF ITS EMPLOYEES, AGENTS, OFFICERS AND DIRECTORS, FROM AND AGAINST ANY CLAIM, SUIT, DEMAND, OR ACTION, INCLUDING WITHOUT LIMITATION ATTORNEY FEES, ARISING FROM (A) BREACH OF THIS AGREEMENT BY MARKETING AFFILIATE, (B) THE MARKETING AFFILIATE WEB SITE, OR (C) MARKETING AFFILIATE’S BUSINESS.","12. Miscellaneous. This Agreement binds and inures to the benefit of each party’s permitted successors, assigns and legal representatives, including the purchasers of the stock or assets of either party hereto. No delegation by either party of any duty hereunder shall be deemed an assignment of this Agreement, nor shall any change in control or an assignment of by operation of law by either party "
cuad_008.pdf,0,Document Start,"Execution  Copy    --- CHARTER AFFILIATE AFFILIATION AGREEMENT ---  THIS AGREEMENT (the “Agreement ”), made as of the 6 th  day of March, 2006 (the “Effective Date”), is by and between The TUBE Music Network, Inc., a Florida corporation (the “Network”), and Tribune Broadcasting Company, a Delaware corporation (“ Affiliate”), regarding the television programming service currently known as “The TUBE"
cuad_008.pdf,1,--- PAGE BREAK ---,"“Network’s Advertising Revenue ” means the gross dollar amount of collections received by or credited to Network from  the sale by Network of commercial advertising time included in the Service, less actual agency representative fees and sales commissions. For clarification, Network’s Advertising Revenue shall not include accounts receivable or Network’s  Transactional Revenue.   “Network’s Transa"
cuad_008.pdf,2,"2.TERM, EXTENSION AND RENEWAL:","(a) Initial Term. Unless  terminated earlier in accordance with the terms of this Agreement, the “ Term” of this Agreement shall consist of, collectively, the Initial Term and the Renewal Term, if applicable. The “Initial Term” shall commence upon the Effective Date and shall expire on March 31, 2011.       2 Source: TUBE MEDIA CORP., 8-K, 3/10/2006    --- --- PAGE BREAK --- ---  (b) Renewal Term."
cuad_008.pdf,3,3.GRANT OF RIGHTS; ACQUIRED STATIONS:,"(a) Network hereby grants to Affiliate the exclusive right via Broadcast  Television, and Affiliate hereby accepts such exclusive right and the obligation during  the Term to broadcast the Service via Broadcast Television (i) over the transmission  facilities of each Station identified on Exhibit A, which is licensed by the FCC to serve the community for each such Station (the  “Licensed Community"
cuad_008.pdf,4,--- PAGE BREAK ---,(b) Any  Acquired Station that is transmitting the Service at the time of acquisition  by Affiliate shall (subject to the provisions of the preceding paragraph concerning  Duopoly Markets) continue to transmit the Service and become a “Station” hereunder. Any existing agreement between or among Network and any one or more  third parties applicable to such Station for the transmission of the Servic
cuad_008.pdf,5,--- PAGE BREAK ---,"(e) Network hereby grants Affiliate during the Term a royalty-free, fully paid up,  non-transferable, non-exclusive license to use the Marks (as defined in Section  8(e)) in any advertising and promotional materials undertaken in connection  with Affiliate’s transmission of the Service, provided that such use complies with  the terms and conditions of Section 8(e).   (f) Upon execution of this Agr"
cuad_008.pdf,6,4.CONTENT OF THE SERVICE:,"(a) Content . Throughout the Term, the Service shall be a professionally produced,  advertiser-supported television service with programming consisting of music videos, occasional programs discussing, reviewing and/or relating to music and concerts, related interstitial programming, promotional announcements and commercial announcements in the amounts specified herein, 24 hours a day, seven days a"
cuad_008.pdf,7,--- PAGE BREAK ---,"(c) Preemption. Affiliate shall retain the right to elect not to transmit any programming on  the Service over the broadcast facilities of a Station if Affiliate reasonably believes that such programming is unsatisfactory or unsuitable or contrary  to the public interest, or in order to substitute a program which, in Affiliate’s  judgment, is of greater local or national importance. Affiliate agre"
cuad_008.pdf,8,--- PAGE BREAK ---,(g) Closed Captioning; Program Ratings . Network shall provide full-time closed captioning for the Service in all programming and at all times for which captioning is required by applicable law as applied  to the Service. Network also shall display and encode program ratings for the Service using the industry-standard “V-chip” ratings system.    --- 5.DELIVERY AND DISTRIBUTION OF THE SERVICE: --- 
cuad_008.pdf,9,--- PAGE BREAK ---,"(c) Each Station transmitting the Service shall transmit a good-quality video and audio  signal of the Service, but in no event shall such Station be required to deliver  a signal of a technical quality higher than the technical quality of the video  and audio signal of the Service as delivered by Network hereunder.   (d) Each Station agrees to transmit the Service on a full-time basis 24 hours pe"
cuad_008.pdf,10,6.NO FEES; REVENUE SHARE:,"(a) Neither Affiliate nor any Station shall pay any fees to Network for any  rights granted under this Agreement.   (b) In consideration of the terms and conditions set forth herein, Network shall pay  Affiliate (i) the Affiliate Advertising Share, and (ii) the Affiliate Transactional Share, each as provided in  Exhibit D.    --- 7.REPORTS; AUDITS: ---  (a) Affiliate shall promptly notify Network "
cuad_008.pdf,11,--- PAGE BREAK ---,"(b) Network shall submit to Affiliate, within forty-five (45) days of the end of each  calendar quarter during the Term, a statement reporting for such calendar  quarter the following information on a Station-by-Station basis: (i) Network’s  Advertising Revenue, (ii) the Affiliate Advertising Share, (iii) Network’s Transactional Revenue, (iv) the average number of households receiving the  Service"
cuad_008.pdf,12,--- PAGE BREAK ---,"(iii) Network and Affiliate shall use good faith efforts to resolve any dispute  arising from an audit conducted pursuant to this Section 7(d). Any litigation by  Affiliate with respect to amounts owing by Network in respect of an audit  must be brought within one (1) year after the Auditor completes its on-site review  at Network’s offices, or Affiliate will be deemed to have waived its right, wh"
cuad_008.pdf,13,--- PAGE BREAK ---,"(e) Affiliate acknowledges that the name and mark “ The TUBE” (and the names of certain programs that appear in the Service and any subsequently  selected names or marks for the Service and accompanying websites)  (collectively, the “Marks”) are the exclusive property of Network and its suppliers and that Affiliate has  not and will not acquire any ownership thereof by reason of this Agreement. Pr"
cuad_008.pdf,14,9.WARRANTIES AND INDEMNITIES:,"(a) Network and Affiliate each represents and warrants to the other that (i)  it is duly organized, validly existing and in good standing under the laws of the  state under which it is organized; (ii) it has the power and authority to  enter into this Agreement and to perform fully its obligations hereunder; (iii)  it is under no contractual or other legal obligation that shall in any way interfer"
cuad_008.pdf,15,--- PAGE BREAK ---,"(d) Affiliate and Network shall each indemnify, defend and forever hold harmless the other,  the other’s parent, subsidiary and affiliated companies and each of the other’s  (and the other’s parent, subsidiary and affiliated companies’) respective  present and former officers, shareholders, directors, employees, consultants,  partners and agents (“ Network Indemnitees ” and “Affiliate Indemnitees "
cuad_008.pdf,16,10.TERMINATION:,"(a) In addition to Network’s other rights to terminate this Agreement, Network  may, by providing Affiliate with thirty (30) days’ prior notice, terminate this Agreement if Affiliate is in material breach of this Agreement, provided that  Affiliate shall have thirty (30) days from Network’s notice specifying in detail the nature of such breach to cure such breach; provided, however, if such breach"
cuad_008.pdf,17,11. NOTICES,"Any  notice given under this Agreement shall be in writing, shall be sent postage  prepaid by certified mail, return receipt requested, or by hand delivery, or  by Federal Express or similar overnight delivery service, to the other party,  at the following address (unless either party at any time or times designates  another address for itself by notifying the other party pursuant to the  provisio"
cuad_008.pdf,18,12.  CONFIDENTIALITY:,"Neither Affiliate nor Network shall disclose (whether orally or in writing, or by press  release or otherwise) to any third party outside their respective companies  (other than their respective officers, directors and employees, in their  capacity as such, and their respective auditors, consultants, financial  advisors, lenders, potential buyers or investors and attorneys; provided,  however, tha"
cuad_008.pdf,19,13.MISCELLANEOUS:,"(a) Assignment;  Binding Effect; Reorganization. This Agreement shall be  binding on the respective transferees and successors of the parties hereto, except  that neither this Agreement nor either party’s rights or obligations hereunder shall  be assigned or transferred by either party without the prior written consent  of the other party. Affiliate agrees to use reasonable efforts to obtain the  "
cuad_008.pdf,20,--- PAGE BREAK ---,"(f) No Inference Against Author . Network and Affiliate each acknowledge that this Agreement was fully negotiated by  the parties and, therefore, no provision of this Agreement shall be interpreted  against any party because such party or its legal representative drafted such  provision.   (g) No Third-Party Beneficiaries. The provisions of this Agreement are for the exclusive benefit of the parti"
cuad_008.pdf,21,"ARISING OUT OF, RELATED TO, OR IN CONNECTION WITH A DEFAULT UNDER OR A BREACH OF THIS AGREEMENT.","(k) Taxes. Network shall not be liable for, and Affiliate shall pay and hold harmless Network  from, any federal, state or local taxes, surcharges, levies or any other charges  which are based upon revenues derived by operations of Affiliate or each Station.  Neither Affiliate nor Station shall be liable for, and Network shall pay and  hold Affiliate and each Station  harmless from, any federal, s"
cuad_008.pdf,22,--- PAGE BREAK ---,"The parties hereto have executed this Agreement to be effective as of the Effective  Date.    --- TRIBUNE BROADCASTING COMPANY THE TUBE MUSIC NETWORK, INC. ---  By:   /s/  John E. Reardon By: /s/  Les Garland Title:   President Title: President             [Signature page: Charter Affiliate Affiliation Agreement by and between The TUBE Music Network, Inc. and Tribune Broadcasting Company]   18 Sou"
cuad_008.pdf,23,"6910 Network Pl., Indianapolis, IN 46278","6/15/06 San Diego    KSWB    7191 Engineer Rd., San Diego, CA 92111    6/15/06 Hartford & New Haven    WTIC WTXX    One Corporate Center, Hartford, CT 06123    8/15/06 Grand-Rapids-Kalamazoo-Battle Creek    WXMI    3117 Plaza Dr. N.E., Grand Rapids, MI 49525 &bbsp;  6/15/06 Harrisburg-Lancaster-Lebanon-York    WPMT    2005 S. Queen St., York, PA 17403    7/1/06 Albany-Schenectady-Troy    WEWB    1"
cuad_008.pdf,24,SIGNATURE: TITLE: DATE:,"Email COMPLETED FORM to linefinder_1999@yahoo.com   20 Source: TUBE MEDIA CORP., 8-K, 3/10/2006    --- EXHIBIT C ---  To Affiliation Agreement By and Between    Tribune Broadcasting Company and     The TUBE Music Network, Inc.   Dated as of March 6, 2006    --- RECEIVING EQUIPMENT ---  • C-Band Antenna equipped with appropriate feed assembly and 45-degree digitally  compatible LNB  • 150 Feet of R"
cuad_008.pdf,25,--- PAGE BREAK ---,"b. In the event that a particular MVPD does not report its total number  of subscribers to linear digital video services and total number of TV Households receiving linear video services, then, for purposes of  this Exhibit D, the number of Digital Cable Subscriber Households for such non-reporting  MVPD shall be equal to the product of (x) the number of TV Households  receiving linear video servi"
cuad_008.pdf,26,EXHIBIT E,"To Affiliation Agreement By and Between   Tribune Broadcasting Company and   The TUBE Music Network, Inc.   Dated as of March 6, 2006    --- ADDITIONAL TERMS AND CONDITIONS ---  Music Rights and Copyright Indemnification   Without limiting Network’s indemnification obligations as set forth in the body of this  Agreement:   Network agrees to indemnify the Affiliate Indemnitees against any and all C"
cuad_009.pdf,0,BUSINESS AFFILIATE AGREEMENT,"This Business Affiliate Agreement (""Agreement"") dated January 28, 2005, effective as of October 15, 2004, (""Effective Date"") is entered into by and between Dr. George D. Green (the ""Business Affiliate"") and UNION DENTAL CORP., a Florida corporation (""UDC"") (collectively, Business Affiliate and UDC may be referred to collectively as the ""Parties"" and singularly as a (""Party"").  RECITALS  WHEREAS, t"
cuad_009.pdf,1,--- PAGE BREAK ---,"4. Mutual Representation and Warranty. Each Party represents and warrants to the other Party that all of its employees, agents, representatives and members of its work force, whose services may be used to fulfill obligations under this Agreement, are or shall be appropriately informed of the terms of this Agreement and are under legal obligation to comply fully with all provisions of this Agreemen"
cuad_010.pdf,0,AFFILIATE OFFICE AGREEMENT,"THIS AGREEMENT is entered into by and between NETWORK 1 FINANCIAL, INC. (""NETWORK 1""), a Virginia Corporation with its principal place of business at    --- 1501 Farm Credit Drive, Suite 1500, McLean, Virginia 22102-5004, and Payment ---  Data Systems, Inc. , the Affiliate Office (""AFFILIATE""), a Nevada Corporation with its principal place of business at 12500 San Pedro Suite 120 San Antonio, TX 7"
cuad_010.pdf,1,1.01 CONTRACTORS. Affiliate shall use its best efforts to market and sell,to commercial businesses the Services of Network 1 and Network 1's subsidiaries and to locate individuals who are willing and capable of acting as Contractors of Network 1 and Affiliate subject to the approval of all such individuals by Network 1 as set out in Section 2.01 [CONTRACTORS]. All such Contractors must process Merchant applications and transactions exclusively through Network 1. Network
cuad_010.pdf,2,"1.02 LOCAL OFFICE (AFFILIATE OFFICE). Affiliate shall locate, establish and","maintain such offices (the ""Local Office""), as it deems necessary for use by all Contractors identified by Affiliate and accepted by Network 1. Network 1 expressly agrees that Affiliate shall not be geographically restricted in its establishment of such offices. Local Office has met the satisfaction of Network 1 in terms of space, quality, appearance, equipment, supplies, office hours, support sta"
cuad_010.pdf,3,"1.04 PURCHASE AND LEASE OF EQUIPMENT. All equipment and software sold,","leased or otherwise provided by Affiliate to Merchants and Commercial Businesses (whether sold directly, through Contractors, or leasing companies) relating to any services provided by Network 1 may be purchased from Network 1. Network 1 agrees to sell such Equipment and Software to Affiliate at prices pursuant to a price list established by Network 1 and provided to the Affiliate. The Affiliate s"
cuad_010.pdf,4,1.06 RESTRICTED MERCHANTS AND MERCHANT ACTIVITIES. Affiliate shall market,"only to bona fide and lawful retail, MO/TO, and Internet businesses, all in accordance with Merchant Program Standards established by Network 1. Affiliate shall not engage in factoring or laundering or promote the same. Factoring or laundering, for purpose of this Agreement, means the processing or attempted processing of Merchant Transactions through a Merchant Account other than that which is th"
cuad_010.pdf,5,2.02 LOCAL OFFICE. Network 1 shall have the right to inspect the Local,"Offices during normal business hours to insure compliance by Affiliate with is obligations pursuant to Section 1.02 [LOCAL OFFICE (AFFILIATE OFFICE)] .    --- 2.03 RETENTION OF CONTRACTORS. In the event that this contract between ---  Network 1 and Affiliate is terminated for any reason, the Contractors located by Affiliate shall remain Contractors of Network 1. (A) RIGHT OF FIRST REFUSAL. If duri"
cuad_010.pdf,6,--- PAGE BREAK ---,"addition to the Exit Fee, all out of pocket and reasonable reimbursement of staff expenses shall be paid prior to the Transfer of the Merchants from NET1 or Harris Bank. (c) The Exit Fee shall be paid by Affiliate immediately prior to the assignment or Transfer of Merchants and/or its net revenue. The amount of the Exit Fee during and following the termination of this Agreement shall be defined as"
cuad_010.pdf,7,3.02 PAYMENT. The Affiliate's Fee payable pursuant to this agreement shall,be payable as outlined in Exhibit A. All payments to Affiliate are subject to Network 1 receipt of all amounts payable to Network 1 by the Member Bank with respect to the transaction giving rise to Affiliate's Fee. Network 1 shall have no liability with respect to the payment of such Affiliate's Fee (for any specific Merchant) under Section 3.01 [AMOUNT] unless and until Network 1 receives the abo
cuad_010.pdf,8,"4.01 RESTRICTIONS. Affiliate shall not, without the express written consent","of Network 1: i. Contact or otherwise deal directly with, VISA, MasterCard or the Member Bank; or ii. Make any representations with respect to Network 1, VISA, MasterCard or the Member Bank; or iii. Make contact with or contract with any vendor of Network 1 or its subsidiaries including other Affiliate's, direct sponsored ISO/MSP's of Network 1/Member Bank, or any merchants currently processing wi"
cuad_010.pdf,9,--- PAGE BREAK ---,"absolute and sole right of Network 1 Financial Corporation, a Virginia Corporation.    --- 5.01 TERM. The term (""Term"") of this Agreement shall be for one hundred ---  eighty days (180) from the date set forth below unless Network 1 or Visa or MasterCard or Harris Bank doesn't approve Affiliate's ISO application, in which case, the Term will be 3 years. This Agreement will automatically renew for "
cuad_010.pdf,10,"5.03 EFFECT OF TERMINATION. Upon termination of this Agreement, except in","the event of termination due to an uncured default by Affiliate pursuant to Section 5.02 [TERMINATION]A, Network 1 shall continue to pay to the Affiliate the Affiliate's Fee described in Section 3.01 [AMOUNT]B for so long as Network 1 continues to process transactions of the Merchants in accordance with Schedule B attached hereto and Affiliate continues to maintain the merchant accounts, provided,"
cuad_010.pdf,11,INDEPENDENT CONTRACTOR,"Source: USIO, INC., SB-2, 4/28/2004    --- 6.01 NO EMPLOYER-EMPLOYEE RELATIONSHIP. Nothing in this contract or its ---  fulfillment is intended to create an employer-employee relationship between Affiliate and contractors located by Affiliate and Network 1. You must not take a position contrary to your status as an independent contractor. YOU agree to accept the responsibilities placed on an indep"
cuad_010.pdf,12,7.02 NETWORK 1. Network 1 hereby agrees to indemnify and hold harmless,"Affiliate from and against any loss, cost or damage (including reasonable legal fees and court costs) incurred by Affiliate as a result of Network 1's failure to comply with the terms of this Agreement.    --- 8.01 NOTICES. All notices required hereunder shall be in writing and ---  delivered in person, by e-mail, facsimile, Federal Express, UPS, or by certified or registered mail, return receipt "
cuad_011.pdf,0,CO-BRANDING AND ADVERTISING AGREEMENT,"THIS CO-BRANDING AND ADVERTISING AGREEMENT (the ""Agreement"") is made as of June 21, 1999 (the ""Effective Date"") by and between I-ESCROW, INC., with its principal place of business at 1730 S. Amphlett Blvd., Suite 233, San Mateo, California 94402 (""i-Escrow""), and 2THEMART.COM, INC. having its principal place of business at 18301 Von Karman Avenue, 7th Floor, Irvine, California 92612 (""2TheMart""). "
cuad_011.pdf,1,"2.1 OVERVIEW. As set forth herein, 2TheMart will promote","Services to its auction users (buyers and sellers), and i-Escrow shall develop Co-Branded Site, and develop the Information Transfer Mechanism working with 2TheMart to make Services available seamlessly to Customers. Unless otherwise specified, each party shall be responsible for all development, hosting and other costs associated with the pages resident on their servers and all emails to users th"
cuad_011.pdf,2,2.3 LAUNCH TIMING. Each party shall use good faith,"and reasonable efforts to expeditiously develop the Co-Branded Pages and the Information Transfer Mechanism. In the event that, after using such efforts, the Launch Date has not occurred within 4 months following the Effective Date, either party may terminate this Agreement by providing written notice. If only one party has used good faith and reasonable development efforts, only that party may ex"
cuad_011.pdf,3,"2.6 PROGRAM REVIEW MEETINGS. The parties shall meet, at","least once per month either in person, or by telephone, to coordinate the implementation of this agreement over time.    --- 3. PROMOTION. ---  After Launch Date, 2TheMart will widely promote the Services: (a) To every seller and high bidder through means including, but not limited to, end of auction emails containing links, such that, it shall be possible for the buyer or seller to initiate a Tra"
cuad_011.pdf,4,5.2 REPORTING. Within two (2) weeks following the,"end of each calendar quarter, i-Escrow shall provide to 2TheMart a report, describing for each quarter: the number of new registrations through the Co-Branded Pages; the number of Transaction Inquiries from Customers; the total number of Transactions from such inquiries; the total dollar value of the Transactions.    --- 5.3 AUDIT RIGHTS. i-Escrow shall keep for one (1) year proper ---  records an"
cuad_011.pdf,5,6. RIGHTS AND STANDARDS.,"Source: 2THEMART COM INC, 10-12G, 8/26/1999    --- 6.1 CONTENT. 2TheMart hereby grants ---  to i-Escrow a worldwide, non-exclusive right to use, reproduce, distribute, publicly perform, publicly display and digitally perform the 2TheMart Content soley with respect to and in conjunction with the Co-Branded Site all with the prior written consent of 2TheMart, for the term of this Agreement. i-Escrow"
cuad_011.pdf,6,6.3 TRADEMARKS. Subject to the terms and conditions,"of this Agreement: (a) i-Escrow hereby grants to 2TheMart a non-exclusive, nontransferable right to use the i-Escrow Marks (including without limitation the Domain Name) in links to and advertisements and promotions for the Co-Branded Pages or the Services; and (b) 2TheMart hereby grants to i-Escrow a non-exclusive, nontransferable right to use 2TheMart Marks (including without limitation the Doma"
cuad_011.pdf,7,6.5 LIMITS ON SUBLICENSING. All rights (under any,"applicable intellectual property right) granted herein are not sublicenseable, Source: 2THEMART COM INC, 10-12G, 8/26/1999    --- --- PAGE BREAK --- ---  transferable or assignable. Notwithstanding the foregoing, either party may use a third party web host, but all actions or failures to act of the web host that would be a breach of this Agreement, were the actions or failures to act taken by the "
cuad_011.pdf,8,6.7 SERVICE STANDARDS. i-Escrow will comply with,"all laws and regulations and act as an Independent Escrow Agent as per the guidelines of California Escrow Law (California Financial Code Section17000 et seq., or its successor). Should any of the terms, conditions or provisions of this Agreement conflict with the California Escrow Law, its rules or regulations, which govern i-Escrow's business practices, the California Escrow Law shall prevail. N"
cuad_011.pdf,9,8.2 TERMINATION FOR BREACH. In addition to other remedies that,"may be available to it, by providing written notice, a party may immediately terminate this Agreement: (a) if the other party materially breaches this Agreement and fails to cure that breach within sixty (60) days after receiving written notice of the breach, or (b) as provided in Sections 2.2 [INITIAL INFORMATION TRANSFER MECHANISM DEVELOPMENT] ,    --- 8.3 TERMINATION FOR CHANGE IN COMPANY STRUC"
cuad_011.pdf,10,8.5 EFFECTS OF TERMINATION. Upon expiration or termination,"of this Agreement for any reason: (a) all rights granted herein shall terminate, (b) i-Escrow shall pay all amounts owed to 2TheMart within six (6) weeks of termination, and (c) each party shall remove the other party's content and Marks from their servers. Notwithstanding the foregoing, unless this Agreement was terminated for a material breach, all provisions of this Agreement shall survive to t"
cuad_011.pdf,11,--- PAGE BREAK ---,"Content and or the Services provided to Customers. The foregoing obligations are conditioned on the Indemnified Party: (i) giving the Indemnifying Party notice of the relevant claim, (ii) cooperating with the Indemnifying Party, at the Indemnifying Party's expense, in the defense of such claim, and (iii) giving the Indemnifying Party the right to control the defense and settlement of any such clai"
cuad_011.pdf,12,12.1 GOVERNING LAW. This Agreement will be governed,"and construed in accordance with the laws of the State of California without giving effect to conflict of laws principles. Both parties submit to personal jurisdiction in California and further agree that any cause of action arising under this Agreement shall be brought in a court in Orange County, California.    --- 12.2 SEVERABILITY; HEADINGS. If any provision herein is held ---  to be invalid o"
cuad_011.pdf,13,--- PAGE BREAK ---,"request shall be made no less than three (3) business days prior to the requested release date. A party shall not unreasonably withhold or delay the granting of its approval of such materials, and such approval shall be provided to the other party within one (1) business day of receipt    --- 12.4 FORCE MAJEURE. Except as otherwise provided, if performance ---  hereunder (other than payment) is pr"
cuad_011.pdf,14,12.5 INDEPENDENT CONTRACTORS. The parties are independent,"contractors, and no agency, partnership, joint venture, employeeemployer or franchisor-franchisee relationship is intended or created by this Agreement. Neither party shall make any warranties or representations on behalf of the other party.    --- 12.6 NOTICE. Any notices hereunder shall be given to the ---  appropriate party at the address specified below or at such other address as the party sh"
cuad_011.pdf,15,12.8 GOOD FAITH. The parties agree to act in good faith with,respect to each provision of this Agreement and any dispute that may arise related hereto.    --- 12.9 ADDITIONAL DOCUMENTS/INFORMATION. The parties agree to ---  sign and/or provide such additional documents and/or information as may reasonably be required to carry out the intent of this Agreement and to effectuate its purposes.    --- 12.10 RIGHTS AND REMEDIES CUMULATIVE. The rights and remedies
cuad_011.pdf,16,"2THEMART.COM, INC.: I-ESCROW, INC.:",By:/s/Dominic J. Magliarditi By:/s/Sanjay Bajaj Name: Dominic J. Magliarditi Name: Sanjay Bajaj Title: President Title: VP Business Development Date: 6/21/99 Date: 6/11/99    --- ESCROW SERVICES DESCRIPTION ---  Successful completion of a transaction involves exchange of merchandise with payment. The buyer has to be satisfied he/she received what they thought they were getting and the seller has t
cuad_012.pdf,0,Document Start,"Execution Copy    --- CO-BRANDING AND SERVICES AGREEMENT ---  Co-Branding and Services Agreement, effective as of October 1, 1999 (this ""Agreement""), between RSL COM PrimeCall, Inc. , a Delaware corporation (""PrimeCall""), and deltathree.com, Inc. (formerly known as Delta Three, Inc.), a Delaware corporation (""DeltaThree"").    --- W I T N E S S E T H : ---  WHEREAS, PrimeCall is a leading provider "
cuad_012.pdf,1,ARTICLE I [Term],"Term  Section 1.01. Term. The term of this Agreement shall be effective as of the date first stated above and shall continue for a term of three (3) years, unless terminated earlier in accordance with the provisions of this Agreement (the ""Term""); provided, however, that PrimeCall may elect to terminate this Agreement, upon thirty (30) days' written notice, at any time from and after the time that"
cuad_012.pdf,2,ARTICLE III [Services Provided by PrimeCall],"Services Provided by PrimeCall  Section 3.01 [Printing of Calling Cards] . Printing of Calling Cards. PrimeCall shall negotiate and Source: DELTATHREE INC, S-1/A, 11/2/1999    --- --- PAGE BREAK --- ---  contract on behalf of DeltaThree for the printing of the Calling Cards. PrimeCall will afford DeltaThree with the benefit of any discount pricing it receives with respect to the printing of its ow"
cuad_012.pdf,3,ARTICLE IV [Services Provided by DeltaThree],"Services Provided by DeltaThree  Section 4.01 [Web Site Development and Services] . Web Site Development and Services. Within three (3) months of the date hereof, DeltaThree shall establish and administrate a PrimeCall web site (the ""PrimeCall Web Site"") in consultation with PrimeCall which will enable PrimeCall to market and sell its calling cards via the World Wide Web and provide on-line suppor"
cuad_012.pdf,4,--- PAGE BREAK ---,"revenues and expenses associated with the sale of PrimeCall's calling cards via the World Wide Web in the previous month. In the event that PrimeCall disputes any amounts set forth on the report, PrimeCall shall provide DeltaThree with written notice of such dispute, which notice shall detail the reasons for the dispute, within seven (7) days of its receipt thereof. The parties shall negotiate in "
cuad_012.pdf,5,ARTICLE V [Payments],Payments  Section 5.01. Payment Terms. Any amounts due hereunder shall be calculated and paid in U.S. dollars on a monthly basis within twenty-five (25) business days following the receipt of the reports detailed in Sections 3.06 [Reporting] and 4.02 [Reporting] hereof or any other invoices provided for herein. All payments shall be made via wire transfer in accordance with written instructions fr
cuad_012.pdf,6,ARTICLE VII [Limited Warranty],"Limited Warranty  Section 7.01 [Disclaimer of General Warranty by PrimeCall] . Disclaimer of General Warranty by PrimeCall. PRIMECALL    --- LIMITED TO, AND WILL NOT EXCEED, DELTATHREE'S DIRECT DAMAGES. ---  5 Source: DELTATHREE INC, S-1/A, 11/2/1999    --- --- PAGE BREAK --- ---  Section 7.02 [Disclaimer of General Warranty by DeltaThree] . Disclaimer of General Warranty by DeltaThree. DELTATHREE"
cuad_012.pdf,7,ARTICLE IX [Miscellaneous],"Miscellaneous  Section 9.01 [Further Assurances] . Further Assurances. Each party will, at any time and from time to time after the date hereof, upon the request of the other, do, execute, acknowledge and deliver, or shall cause to be done, executed, acknowledged and delivered, all such other instruments as may be reasonably required in connection with the performance of this Agreement and each sh"
cuad_012.pdf,8,--- PAGE BREAK ---,"delivered by registered or certified United States mail, return receipt requested and postage prepaid or (iii) when sent by telecopy (provided, that, it is simultaneously electronically confirmed), addressed as follows:  If to DeltaThree:    --- 430 Park Avenue, 5th Floor ---  New York, NY 10022  Fax No.: 212-588-3674  Attention: Chief Financial Officer  With a copy to:  7    --- 430 Park Avenue, "
cuad_012.pdf,9,--- PAGE BREAK ---,"Agreement, each party hereby irrevocably submits to the nonexclusive jurisdiction of the courts of the State of New York, sitting in New York County, and the courts of the United States for the Southern District of New York. Each party irrevocably waives, to the fullest extent permitted by law, any objection which it may now or hereafter have to the laying of the venue of any such suit, action or "
cuad_013.pdf,0,CO-BRANDING AGREEMENT,"This Agreement (the ""Agreement""), dated this 19th day of January, 2001 (the ""Effective Date""), is by and between About.com, Inc. (""About""), a Delaware corporation, located at 1440 Broadway, 19th Floor, New York, NY 10018 and ebix.com, Inc. (""ebix""), a Delaware corporation, located at 1900 E.Golf Road, Schaumberg, IL 60173    --- W I T N E S S E T H: ---  WHEREAS, About owns and operates an Interne"
cuad_013.pdf,1,1. DEFINITIONS,"""ABOUT CONTENT"" means any and all textual, graphical, audio/visual or  other materials created or provided on or behalf of About for use on the  Insurance Center (other than the ebix Content), including but not limited  to the About Wrapper and the About Look and Feel (hereinafter defined).  ""ABOUT CUSTOMER"" means any individual or entity who has registered with  ebix either (i) through the regist"
cuad_013.pdf,2,--- PAGE BREAK ---,"""About Guide Site Sub-Pages"" means, with respect to any About Guide Site,  all of the Web pages within an About Guide Site other than the About Guide  Site Home Page.  ""ABOUT USER"" means any individual or entity that accesses the About  Network or any About Guide Site.  ""ABOUT USER DATA"" means information related specifically to About Users,  including but not limited to (i) Internet addresses and"
cuad_013.pdf,3,--- PAGE BREAK ---,"""EBIX SITE"" means the Internet-based Site maintained and operated by ebix  at the URL HTTP://WWW.EBIX.COM.  ""FILLED APPLICATION FORM"" means when an About User accesses an application  form for buying insurance through a Link from the Insurance Center and  completely fills out all fields of the form and clicks the ""Submit""  button. The sample format of the application form is enclosed in Exhibit  J"
cuad_013.pdf,4,"2.1 The term of this Agreement (the ""Term"") shall commence on the date hereof","(the ""Effective Date"") and shall expire upon delivery of [**] to ebix,  but in no way shall this Agreement extend any later than thirty (30)  months from the Effective Date regardless of the number Filled  Application Forms delivered to ebix. About will make commercially  reasonable efforts to achieve that number in twelve (12) months or less  from the Effective Date.    --- 3.1 Pursuant to the te"
cuad_013.pdf,5,3.2 The Insurance Center shall be hosted solely by ebix and contained in an,"About Wrapper and ebix shall, during the Term, provide site maintenance services relative to the Insurance Center substantially as provided for the ebix Site from time to time, subject to the uptime requirements as set forth in Section    --- 13.4 [TERMINATION AND SURVIVAL] . ---  ** Confidential treatment has been requested for portions of this document.  The redacted material has been filed with"
cuad_013.pdf,6,"4.4 Pursuant to section 2.1, About shall use commercially reasonable efforts","to generate at least [**] during the Term and may use any and all  advertising units in order to reach this goal.    --- 4.5 Additionally, About shall use commercially reasonable efforts to deliver ---  [**] Filled Application Forms per Quarter. If, however, at the end of a  Quarter, About has not generated the applicable Quarterly Filled  Application goals as set forth on EXHIBIT I, About shall d"
cuad_013.pdf,7,5.3 If any of the payments are not received on or before the appropriate dates,"as described above, About shall have the right to charge ebix interest on  the overdue amount at the rate of 6% per year,, calculated from 30 days  after the end of the month for which payment is made until the date of  ebix's payment of such amount, which interest shall be in addition to such  fees due and owing About. In addition, About shall be entitled to its  reasonable costs and expenses (in"
cuad_013.pdf,8,"6.1 Subject to the terms and conditions of this Agreement, ebix hereby grants","to About a limited, non-transferable, fully-paid, worldwide, non-exclusive  right and license to use, reproduce, adapt (but only to pursuant to its  rights under this Agreement), incorporate, integrate and distribute the  ebix Marks and ebix Content, during the Term, solely as necessary to  perform its obligations under this Agreement.  .    --- 6.2 Each party retains all right, title and interest"
cuad_013.pdf,9,--- PAGE BREAK ---,"approval of such sample. All goodwill associated with the use of  Licensor's Marks shall inure to the benefit of such Licensor.    --- 7.1 About may, at any time, revise the design, Look and Feel, and layout ---  of the About Network. If, in About's reasonable opinion, any such  revision would result in the need for ebix to modify its Links to  and/or from the About Network or any of the Channels "
cuad_013.pdf,10,"9.2 About shall own and retain all right, title and interest in and to any","About User data generated within the About Network (other than the  Insurance Center), and nothing in this Agreement shall confer in eBix any  right, title or interest in or to the About User Data (other than the  Insurance Center and except to the extent that it is duplicative of About  Customer Data).    --- 9.2 Other than set forth herein, all intellectual and proprietary information, ---  supp"
cuad_013.pdf,11,"10.2 About represents, warrants and covenants that (i) the execution, delivery","and performance by About of this Agreement and the consummation by it of  the transactions contemplated hereby will not conflict with or violate any  provision of law, rule or regulation to which About is subject, or any  agreement or other instrument applicable to About or binding upon About,  its assets or properties; (ii) About is the sole and exclusive owner of  the About Marks and About has t"
cuad_013.pdf,12,11. INDEMNIFICATION,"11.1 eBix will defend, indemnify and hold About, its officers, directors,  agents, employees and consultants (collectively the ""About Indemnified  Parties"") harmless from and against any third party claims against About  for all liabilities, claims, actions, damages, losses, settlements, and  costs, and expenses (including, without limitation reasonable attorneys'  fees) relating to or arising out"
cuad_013.pdf,13,12.4 Each party shall promptly inform the other party of any event or,"circumstance, and provide all information pertaining thereto, related to  or arising from this Agreement which could lead to a claim or demand  against the other party by any third party with respect to any content  supplied hereunder for use on the Insurance Center.    --- 12.1 The parties may from time to time receive from one another certain ---  information that is proprietary or confidential "
cuad_013.pdf,14,13. TERMINATION AND SURVIVAL,"13.1 eBix may terminate this Agreement, [**] upon [**] to About; provided,  however, that the termination is no earlier than [**] of the Effective  Date of this Agreement.    --- 13.2 Either party may terminate this Agreement if the other (i) fails to make ---  any payment required to be made by it hereunder for more than twenty (20)  business days after such party shall have received notice from "
cuad_013.pdf,15,13.4 The ebix Insurance Center shall be operational and fully functionally at,"least ninety nine percent (99.0%) of the time during the Term, without taking into account scheduled downtime and maintenance which shall not exceed in the aggregate, one (1) hour in any one (1) month period. In the event of any downtime and/or maintenance in excess of the aforementioned amount, such shall be deemed a material breach and ebix shall have twenty four (24) hours in which to cure such"
cuad_013.pdf,16,14. LIMITATION OF LIABILITY,** Confidential treatment has been requested for portions of this document.  The redacted material has been filed with the commission pursuant to an  application for confidential treatment.  9    --- 15.1 Each party is an independent contractor and not an employee of the other ---  party. Each party understands and agrees that (i) its employees are not entitled to any benefits provided to any empl
cuad_013.pdf,17,15.4 This Agreement will be governed by the laws of the state where a suit is,"properly filed under the terms of this paragraph, being either Illinois or New York, and without giving effect to conflict of law principles. Litigation initiated by ebix shall be filed in New York, whereas litigation initiated by About shall be filed in Illinois. Both parties submit to personal jurisdiction of Illinois or New York, to effectuate the terms of this paragraph, and further Source: EB"
cuad_013.pdf,18,15.6 Neither party may assign the Agreement without the written consent of the,"other party, which consent shall not be unreasonably withheld or delayed, except that either party may assign the Agreement without obtaining the consent of the other party to an affiliate or successor by way of purchase, merger, consolidation or similar transaction, subject to the requirement that the Agreement shall be binding and enforceable against any successor or assign.    --- 15.7 Any noti"
cuad_014.pdf,0,CO-BRANDING AGREEMENT,"THIS CO-BRANDING AGREEMENT (the ""Agreement"") is made as of May 22, 2000 (the ""Effective Date""), by and between WOMEN.COM NETWORKS, INC., a Delaware corporation having a place of business at 1820 Gateway Drive Suite 150, San Mateo, CA 94404 (""Women.com""), and EDIETS.COM, INC., a Delaware corporation, having its principal place of business at 3467 West Hillsboro Boulevard, Suite 2, Deerfield Beach, "
cuad_014.pdf,1,"1.1 Women.com will name an area, in which eDiets content will be","published (such area, the ""Diet Center""). Links (presented as Diet Center logos) to the Diet Center will be located on three Women.com channels (the Fitness Channel www.women.com/fitness; the Health Channel www.women.com/health; and the Food Channel www.women.com/food) and two subchannels within such channels to be determined in accordance with Exhibit B hereto. The first page of the Diet Center ("
cuad_014.pdf,2,"1.2 Women.com shall store and maintain the Gateway Page on, and serve","the Gateway Page from, server(s) located on Women.com's premises or the premises of Women.com's third party web host. eDiets shall store and maintain the Diet Center beneath the Gateway Page, and serve the Diet Center beneath the Gateway Page from, server(s) located on eDiets' premises or the premises of eDiets' third party web host. Effective one week from the  1 Launch Date, eDiets shall include"
cuad_014.pdf,3,"1.3 Except as set forth in Section 1.2 [Women], eDiets will have sole","responsibility for providing and maintaining at its own expense the Diet Center beneath the Gateway Page. eDiets and Women.com will work together regarding the on-going design and maintenance of the Diet Center.    --- 1.4 Each party shall bear its own expenses related to its ---  responsibilities under this Section 1.    --- 2.1 Content License. eDiets hereby grants to Women.com, subject to the -"
cuad_014.pdf,4,--- PAGE BREAK ---,"including Exhibit D hereto, and any production schedules developed by the parties from time to time. eDiets agrees that it will respond in a timely manner to be agreed upon by the parties to all reasonable requests made by Women.com or its agents for updated eDiets Content and refreshing of eDiets Content for the Women.com Sites.    --- 2.3 Format. eDiets will deliver the eDiets Content in such --"
cuad_014.pdf,5,2.5 Facts. eDiets shall be solely responsible for ensuring the,"timeliness, accuracy, and correctness of all facts, data and information (""Facts"") contained within the eDiet Content. eDiets shall indemnify, defend and hold harmless Women.com, its officers, directors, employees and agents from and against all damages, awards, costs, fees (including reasonable attorneys' fees), and expenses that such parties may incur as a result of third party claims arising fr"
cuad_014.pdf,6,3.2 Women.com and eDiets agree that all media metrics (e.g. pageviews,"and impressions) with respect to the Gateway Page of the Diet Center shall be allocated to Women.com.  4. PUBLICITY. Neither party will make any public statement, press release or other announcement relating to the terms of or existence of this Agreement without the prior written consent of the other. Notwithstanding the foregoing, each party hereby grants to the other the right to issue an initia"
cuad_014.pdf,7,--- PAGE BREAK ---,"""Brought to you by...."") or fixed placement of 468x60 (top) and 125x365 (side) banners within eight (8) of the Content Features selected by eDiets; and (v) anchor sponsorship in any multi-sponsor Women.com promotion. Notwithstanding the foregoing, Women.com shall be entitled to (aa) provide mini and micro web sites and Women.com promotions and sponsorships to Jenny Craig; (bb) sell, display, or di"
cuad_014.pdf,8,"5.2 During the Term, eDiets will not buy, sell, display or distribute","advertising from (including, but not limited to, banner ads, buttons, badges, text links, hyperlinks or editorial mentions) or otherwise promote any Women.com Compettive Company on any page of the eDiets Site that is within two clicks from the Gateway Page of the Diet Center. For purposes of this Agreement, ""Women.com Competitive Company"" means any company that Women.com reasonably presents as, an"
cuad_014.pdf,9,7.1 Women.com shall make advertising reports generated by NetGravity,"available to eDiets either online or in some other mutually agreed upon format. Such reports shall contain the number of impressions and other metrics attributable to each general category of advertising specified in Exhibit B hereto, as well as such other information as eDiets may reasonably request, to the extent reasonable commercial efforts and current technology permit. eDiets agrees to accep"
cuad_014.pdf,10,8. OWNERSHIP.,"8.1 eDiets Content. Nothing in this Agreement shall effect a transfer of ownership in the eDiets Content from eDiets to Women.com, and eDiets shall retain all rights of copyright, trademark or other intellectual property rights in such eDiets Content that it possessed prior to providing such eDiets Content to Women.com, subject only to the licenses expressly granted by eDiets to Women.com by this "
cuad_014.pdf,11,"8.2 Women.com Content. All content, including but not limited to all","Source: EDIETS COM INC, 10QSB, 10/30/2000    --- --- PAGE BREAK --- ---  photos, text, data, illustrations, graphical elements, animation and tools, appearing on the Women.com Sites (with the exception of the eDiets Content) or provided to eDiets pursuant to this Agreement by Women.com, including all software, methods of operation, interfaces, specifications and documentation in respect of the for"
cuad_014.pdf,12,8.4 Privacy. eDiets agrees to treat all consumer data collected from,"Women.com users on the Women.com Site in accordance with Women.com's privacy and security policies (the ""Women.com Data""). Women.com reserves the right to change such policies in its sole discretion from time to time. In no event shall eDiets disclose or otherwise transfer to any person or entity any Women.com Data that individually or in the aggregate identifies the identity, habits or transactio"
cuad_014.pdf,13,9.3 Usage. All uses by one party of the other party's Marks shall be in,accordance with such quality control standards as the licensing party may promulgate from time to time and each party agrees to refrain from all uses of the other party's Marks to which the other party objects. All promotional literature and other materials prepared by a party in connection with its promotional obligations hereunder shall bear appropriate copyright and/or trademark notices as pres
cuad_014.pdf,14,9.4 Non-Alteration. In any identification of either party pursuant to,"this Agreement, one party shall not alter or otherwise impair the branding or other identification of the other party, nor alter or remove any copyright, Source: EDIETS COM INC, 10QSB, 10/30/2000    --- --- PAGE BREAK --- ---  trademark or other protective notices of such other  7 party. Women.com agrees that, except as may be reasonably necessary, it shall not mask, frame, overlay, impair or othe"
cuad_014.pdf,15,10.2 Termination for Breach. In the event of a material breach of this,"Agreement by either party, the non-breaching party may terminate this Agreement if such breach is not cured within thirty (30) days from receipt of written notice of such breach sent to the address of the breaching party as specified herein. Such termination shall be in addition to any and all other actions or remedies the parties may seek at law or equity with respect to a breach of this Agreemen"
cuad_014.pdf,16,"10.4 Survival. The provisions of Sections 4, 8, 10, 11, 12, 13, 14 and","15, as well as all defined terms, will survive any expiration or earlier termination of this Agreement for any reason.    --- 11.1 The parties acknowledge that, in the course of performing duties ---  under this Agreement, each party may obtain Confidential Information from the other party. For the purposes of this Section 11, the party disclosing Confidential Information shall be the ""Disclosing "
cuad_014.pdf,17,--- PAGE BREAK ---,"Confidential Information may be disclosed in writing, in other tangible form, orally or visually.    --- 11.2 Confidential Information of the Disclosing Party will not include ---  information that the Disclosing Party can demonstrate by reasonable evidence (a) is in or enters the public domain without breach of this Agreement, (b) the Receiving Party lawfully receives from a third party without r"
cuad_014.pdf,18,11.4 Each party agrees (a) that it will disclose such Confidential,"Information only to its employees, agents and contractors with a need to know such Confidential Information and who have obligations of confidentiality not to use such Confidential Information for any purpose except as expressly permitted hereunder, (b) that it will not disclose to any third party or use any Confidential Information disclosed to it by the other except as expressly permitted in thi"
